device_id,vehicle_id,vehicle_type,region,install_date,status,issue_type,last_seen,lat,lon,temperature_c,voltage_v,camera_inward_ok,camera_outward_ok
KDC-1000,VH-5000,Innova Zenix,Jakarta,2025-08-30,offline,camera_outward_no_signal,2025-09-24 12:41:00,-6.248854765,106.8138742,37.5,12.81,TRUE,FALSE
KDC-1001,VH-5001,Nissan Livina,Jakarta,2025-08-19,healthy,,2025-09-24 20:18:00,-6.206494893,106.8522302,41.1,11.96,TRUE,TRUE
KDC-1002,VH-5002,Nissan Livina,Jakarta,2024-08-23,healthy,,2025-09-24 18:37:00,-6.225460382,106.7925825,52.2,13.03,TRUE,TRUE
KDC-1003,VH-5003,Innova Zenix,Tangerang,2024-10-20,issue,overheat,2025-09-24 14:03:00,-6.181164348,106.6045614,37.4,12.77,TRUE,TRUE
KDC-1004,VH-5004,Calya,Bekasi,2025-03-17,healthy,,2025-09-24 18:14:00,-6.134023642,106.7388553,39.1,13.17,TRUE,TRUE
KDC-1005,VH-5005,BYD M6,Jakarta,2024-06-16,healthy,,2025-09-24 4:46:00,-6.125807771,106.1629147,58.9,12.71,TRUE,TRUE
KDC-1006,VH-5006,Innova Zenix,Jakarta,2024-04-27,offline,hardware_fault,2025-09-25 10:22:00,-6.31892445,106.823834,49,13.27,TRUE,TRUE
KDC-1007,VH-5007,Calya,Jakarta,2024-06-21,healthy,,2025-09-24 21:24:00,-6.103177616,106.1641828,50,13.26,TRUE,TRUE
KDC-1008,VH-5008,Calya,Bekasi,2025-01-09,healthy,,2025-09-24 3:43:00,-6.242929879,106.8444749,53,11.91,TRUE,TRUE
KDC-1009,VH-5009,Nissan Livina,Jakarta,2025-07-20,healthy,,2025-09-25 9:34:00,-6.253549189,106.9619077,34.3,13.31,TRUE,TRUE
KDC-1010,VH-5010,Calya,Jakarta,2025-02-24,healthy,,2025-09-25 4:49:00,-6.101266635,106.7370826,36,11.24,TRUE,TRUE
KDC-1011,VH-5011,Calya,Bekasi,2025-01-08,healthy,,2025-09-25 3:35:00,-6.237770148,106.828275,35.3,12.48,TRUE,TRUE
KDC-1012,VH-5012,Innova Zenix,Depok,2025-03-07,healthy,,2025-09-25 7:18:00,-6.103796821,106.1409966,33.6,12.83,TRUE,TRUE
KDC-1013,VH-5013,Calya,Tangerang,2024-07-25,healthy,,2025-09-24 0:35:00,-6.238017672,106.9818315,49.7,11.96,TRUE,TRUE
KDC-1014,VH-5014,Innova Zenix,Bogor,2025-02-03,healthy,,2025-09-25 0:03:00,-6.250034102,106.9773102,46.5,12.98,TRUE,TRUE
KDC-1015,VH-5015,Nissan Livina,Jakarta,2024-01-11,healthy,,2025-09-24 11:12:00,-6.173685435,106.6253366,32,11.5,TRUE,TRUE
KDC-1016,VH-5016,Calya,Bogor,2024-09-14,healthy,,2025-09-24 4:55:00,-6.214224922,106.7901116,53.9,11.19,TRUE,TRUE
KDC-1017,VH-5017,Nissan Livina,Jakarta,2025-01-12,healthy,,2025-09-25 8:31:00,-6.249476252,106.7965336,35,11.46,TRUE,TRUE
KDC-1018,VH-5018,Nissan Livina,Jakarta,2025-01-15,issue,camera_inward_no_signal,2025-09-25 7:22:00,-6.264914252,107.0010993,50.4,12.62,FALSE,TRUE
KDC-1019,VH-5019,Nissan Livina,Tangerang,2025-09-01,healthy,,2025-09-24 3:48:00,-6.217628955,106.8710563,45.3,12.11,TRUE,TRUE
KDC-1020,VH-5020,BYD M6,Bekasi,2024-10-23,offline,camera_inward_no_signal,2025-09-24 3:55:00,-6.243981333,106.9774793,51,13.34,FALSE,TRUE
KDC-1021,VH-5021,BYD M6,Bekasi,2024-09-14,healthy,,2025-09-25 2:30:00,-6.244508081,107.0126155,51.5,12.87,TRUE,TRUE
KDC-1022,VH-5022,Calya,Jakarta,2025-05-05,healthy,,2025-09-24 16:38:00,-6.174568109,106.6029091,36.8,12.92,TRUE,TRUE
KDC-1023,VH-5023,Innova Zenix,Jakarta,2025-03-11,healthy,,2025-09-25 4:42:00,-6.593386491,106.8273557,36.2,13.23,TRUE,TRUE
KDC-1024,VH-5024,Calya,Jakarta,2024-05-12,healthy,,2025-09-24 1:09:00,-6.208251452,106.7962457,57.5,11.2,TRUE,TRUE
KDC-1025,VH-5025,Innova Zenix,Bekasi,2025-05-26,healthy,,2025-09-25 5:24:00,-6.24311556,106.8301875,47.7,13.43,TRUE,TRUE
KDC-1026,VH-5026,Innova Zenix,Jakarta,2024-11-03,offline,camera_inward_no_signal,2025-09-25 5:47:00,-6.088486537,106.77968,41.8,12.25,FALSE,TRUE
KDC-1027,VH-5027,Innova Zenix,Tangerang,2024-10-11,healthy,,2025-09-25 5:56:00,-6.200211275,106.8399277,53.9,12.06,TRUE,TRUE
KDC-1028,VH-5028,Calya,Jakarta,2024-06-17,healthy,,2025-09-24 17:40:00,-6.214275949,106.6339517,41.9,11.79,TRUE,TRUE
KDC-1029,VH-5029,Innova Zenix,Jakarta,2025-06-21,healthy,,2025-09-24 0:36:00,-6.29687701,106.9830362,52.9,12.77,TRUE,TRUE
KDC-1030,VH-5030,Calya,Jakarta,2024-01-04,healthy,,2025-09-24 10:13:00,-6.223394351,106.8346078,43.7,12.91,TRUE,TRUE
KDC-1031,VH-5031,BYD M6,Jakarta,2025-01-07,healthy,,2025-09-24 0:31:00,-6.265058261,106.9989592,50.2,13.05,TRUE,TRUE
KDC-1032,VH-5032,Calya,Jakarta,2025-04-29,healthy,,2025-09-24 2:45:00,-6.216867236,106.8544631,48.9,12.92,TRUE,TRUE
KDC-1033,VH-5033,Calya,Depok,2024-04-19,healthy,,2025-09-24 9:04:00,-6.349015071,106.8312499,49.2,12.34,TRUE,TRUE
KDC-1034,VH-5034,Innova Zenix,Tangerang,2024-11-15,healthy,,2025-09-24 19:09:00,-6.215798154,106.9710702,50.5,13.63,TRUE,TRUE
KDC-1035,VH-5035,Calya,Tangerang,2024-07-25,healthy,,2025-09-25 5:53:00,-6.594805428,106.8036976,45.5,12.96,TRUE,TRUE
KDC-1036,VH-5036,Innova Zenix,Depok,2025-09-05,healthy,,2025-09-24 9:07:00,-6.23928113,106.8110973,52.3,10.9,TRUE,TRUE
KDC-1037,VH-5037,BYD M6,Bekasi,2025-02-05,healthy,,2025-09-25 5:50:00,-6.309862844,106.9965323,40.1,12.39,TRUE,TRUE
KDC-1038,VH-5038,Innova Zenix,Jakarta,2025-04-27,healthy,,2025-09-24 4:57:00,-6.275248173,106.8162323,47.7,12.06,TRUE,TRUE
KDC-1039,VH-5039,Innova Zenix,Jakarta,2024-07-15,healthy,,2025-09-24 10:23:00,-6.096227457,106.7669828,43.8,12.48,TRUE,TRUE
KDC-1040,VH-5040,Avanza,Bogor,2024-06-12,healthy,,2025-09-24 5:33:00,-6.229580035,106.9470346,56.2,12.67,TRUE,TRUE
KDC-1041,VH-5041,Calya,Jakarta,2024-11-25,issue,camera_outward_no_signal,2025-09-25 7:08:00,-6.216395368,106.844517,35.9,12.15,TRUE,FALSE
KDC-1042,VH-5042,Innova Zenix,Bogor,2025-02-06,healthy,,2025-09-24 15:13:00,-6.201646848,106.8148262,43.3,11.88,TRUE,TRUE
KDC-1043,VH-5043,Calya,Depok,2024-10-29,issue,low_voltage,2025-09-24 1:28:00,-6.361042668,106.8158166,59.1,12.74,TRUE,TRUE
KDC-1044,VH-5044,Calya,Jakarta,2025-03-16,issue,low_voltage,2025-09-24 1:55:00,-6.251717172,106.8656336,48.7,12.57,TRUE,TRUE
KDC-1045,VH-5045,BYD M6,Jakarta,2024-02-25,issue,dashcam_error,2025-09-24 8:21:00,-6.081128057,106.1498411,35.7,12.49,TRUE,TRUE
KDC-1046,VH-5046,Calya,Tangerang,2024-08-01,healthy,,2025-09-24 18:45:00,-6.223778495,106.8094806,50.5,12.6,TRUE,TRUE
KDC-1047,VH-5047,Calya,Jakarta,2024-07-05,healthy,,2025-09-25 10:41:00,-6.116908974,106.1575386,61.7,12.33,TRUE,TRUE
KDC-1048,VH-5048,Innova Zenix,Bekasi,2024-11-04,healthy,,2025-09-24 14:41:00,-6.20047385,106.8393531,47.4,12.08,TRUE,TRUE
KDC-1049,VH-5049,Nissan Livina,Jakarta,2025-05-06,healthy,,2025-09-24 21:58:00,-6.585227358,106.7760817,51.1,12.54,TRUE,TRUE
KDC-1050,VH-5050,Avanza,Bogor,2024-10-10,healthy,,2025-09-25 0:43:00,-6.22174131,106.6204951,40.3,11.35,TRUE,TRUE
KDC-1051,VH-5051,BYD M6,Jakarta,2025-08-01,healthy,,2025-09-25 4:17:00,-6.3665065,106.8443576,46.4,13.85,TRUE,TRUE
KDC-1052,VH-5052,Calya,Tangerang,2024-03-19,healthy,,2025-09-24 1:46:00,-6.120980268,106.7916647,38.3,11.64,TRUE,TRUE
KDC-1053,VH-5053,Calya,Bogor,2025-08-05,healthy,,2025-09-24 16:41:00,-6.180925488,106.8792513,57.8,11.7,TRUE,TRUE
KDC-1054,VH-5054,BYD M6,Bekasi,2024-10-17,healthy,,2025-09-24 20:53:00,-6.31373075,106.9822563,39.5,13.21,TRUE,TRUE
KDC-1055,VH-5055,Calya,Jakarta,2024-10-28,healthy,,2025-09-24 18:34:00,-6.333413992,106.8671628,48.9,12.69,TRUE,TRUE
KDC-1056,VH-5056,Avanza,Tangerang,2024-02-17,healthy,,2025-09-24 10:46:00,-6.115024369,106.1599938,45.4,12.77,TRUE,TRUE
KDC-1057,VH-5057,Avanza,Jakarta,2024-01-31,healthy,,2025-09-24 15:30:00,-6.30696194,106.9983305,48.9,12.01,TRUE,TRUE
KDC-1058,VH-5058,Calya,Jakarta,2024-08-23,healthy,,2025-09-24 18:07:00,-6.609212524,106.7895242,49.6,11.77,TRUE,TRUE
KDC-1059,VH-5059,Calya,Tangerang,2024-09-11,healthy,,2025-09-25 8:02:00,-6.111282929,106.7859674,44,12.17,TRUE,TRUE
KDC-1060,VH-5060,BYD M6,Tangerang,2025-06-23,issue,camera_inward_no_signal,2025-09-24 2:43:00,-6.595197664,106.7916082,43.8,11.92,FALSE,TRUE
KDC-1061,VH-5061,BYD M6,Jakarta,2025-01-21,healthy,,2025-09-24 15:24:00,-6.109910998,106.7516826,69.7,11.7,TRUE,TRUE
KDC-1062,VH-5062,Nissan Livina,Bekasi,2024-01-24,healthy,,2025-09-25 11:24:00,-6.228957372,106.9859238,31.9,12.21,TRUE,TRUE
KDC-1063,VH-5063,Calya,Jakarta,2025-03-23,healthy,,2025-09-24 10:58:00,-6.2188654,106.8123868,28.6,11.62,TRUE,TRUE
KDC-1064,VH-5064,BYD M6,Tangerang,2024-05-06,healthy,,2025-09-25 7:21:00,-6.119781466,106.7718464,34.7,12.6,TRUE,TRUE
KDC-1065,VH-5065,Calya,Depok,2024-06-30,healthy,,2025-09-24 9:35:00,-6.21079599,106.8363271,25,10.78,TRUE,TRUE
KDC-1066,VH-5066,BYD M6,Jakarta,2024-10-14,healthy,,2025-09-25 5:11:00,-6.202812139,106.9670549,51.2,12.2,TRUE,TRUE
KDC-1067,VH-5067,Calya,Jakarta,2024-07-12,healthy,,2025-09-24 14:13:00,-6.204426791,106.6364753,48.7,11.92,TRUE,TRUE
KDC-1068,VH-5068,BYD M6,Tangerang,2024-04-08,healthy,,2025-09-24 14:43:00,-6.10748396,106.1361751,43,12.37,TRUE,TRUE
KDC-1069,VH-5069,BYD M6,Bogor,2025-07-13,healthy,,2025-09-24 12:46:00,-6.108646551,106.1423463,50.9,13.44,TRUE,TRUE
KDC-1070,VH-5070,Calya,Tangerang,2024-12-24,healthy,,2025-09-24 21:30:00,-6.597721477,106.7912542,39.9,12.2,TRUE,TRUE
KDC-1071,VH-5071,Innova Zenix,Depok,2024-09-02,healthy,,2025-09-25 0:39:00,-6.246345793,107.0009232,48,11.53,TRUE,TRUE
KDC-1072,VH-5072,Calya,Bekasi,2025-05-22,healthy,,2025-09-24 9:26:00,-6.244045582,106.9724351,30.2,12.02,TRUE,TRUE
KDC-1073,VH-5073,Avanza,Jakarta,2024-01-26,offline,dashcam_error,2025-09-24 4:38:00,-6.319064719,106.8569469,48.6,13.14,TRUE,TRUE
KDC-1074,VH-5074,Calya,Jakarta,2025-03-12,healthy,,2025-09-25 6:52:00,-6.226629475,106.9915496,41.1,13.2,TRUE,TRUE
KDC-1075,VH-5075,Nissan Livina,Bogor,2025-09-13,issue,overheat,2025-09-25 7:15:00,-6.22207602,106.9801087,40.4,12.86,TRUE,TRUE
KDC-1076,VH-5076,Calya,Jakarta,2025-04-04,healthy,,2025-09-25 9:58:00,-6.364524258,106.8126763,47.2,11.5,TRUE,TRUE
KDC-1077,VH-5077,Nissan Livina,Jakarta,2024-05-08,healthy,,2025-09-24 18:18:00,-6.346053269,106.8348719,48.4,11.68,TRUE,TRUE
KDC-1078,VH-5078,Innova Zenix,Jakarta,2024-05-27,issue,hardware_fault,2025-09-24 9:52:00,-6.240454376,106.7992754,53.8,13.04,TRUE,TRUE
KDC-1079,VH-5079,Calya,Jakarta,2025-08-03,issue,overheat,2025-09-25 10:10:00,-6.252261297,106.9898125,48.4,13.63,TRUE,TRUE
KDC-1080,VH-5080,Calya,Jakarta,2024-06-15,healthy,,2025-09-25 11:33:00,-6.567690898,106.8031106,38.3,12.39,TRUE,TRUE
KDC-1081,VH-5081,Calya,Tangerang,2024-04-17,healthy,,2025-09-24 5:18:00,-6.23059572,106.8652568,42.3,13.01,TRUE,TRUE
KDC-1082,VH-5082,BYD M6,Depok,2025-07-08,healthy,,2025-09-24 12:08:00,-6.305428244,107.0264043,49.2,13.18,TRUE,TRUE
KDC-1083,VH-5083,Nissan Livina,Depok,2024-07-08,healthy,,2025-09-25 6:26:00,-6.595007797,106.8133047,41.9,12.95,TRUE,TRUE
KDC-1084,VH-5084,Innova Zenix,Bekasi,2025-04-21,healthy,,2025-09-24 5:02:00,-6.199678893,106.8643064,51.3,11.95,TRUE,TRUE
KDC-1085,VH-5085,Calya,Jakarta,2024-05-12,offline,overheat,2025-09-24 6:00:00,-6.242951285,106.9851096,41,12.65,TRUE,TRUE
KDC-1086,VH-5086,BYD M6,Bogor,2025-04-11,healthy,,2025-09-25 4:03:00,-6.194459885,106.8259165,36.5,12.17,TRUE,TRUE
KDC-1087,VH-5087,Calya,Jakarta,2024-07-27,healthy,,2025-09-25 4:41:00,-6.29525483,107.018293,45.8,11.67,TRUE,TRUE
KDC-1088,VH-5088,Innova Zenix,Jakarta,2025-02-15,issue,camera_outward_no_signal,2025-09-24 7:11:00,-6.092554092,106.1589828,45.1,12.19,TRUE,FALSE
KDC-1089,VH-5089,Nissan Livina,Jakarta,2024-02-09,healthy,,2025-09-24 23:26:00,-6.283263324,107.0092562,33.9,13.68,TRUE,TRUE
KDC-1090,VH-5090,Nissan Livina,Bogor,2024-07-31,healthy,,2025-09-24 23:45:00,-6.23028243,106.8566244,55.4,12.97,TRUE,TRUE
KDC-1091,VH-5091,BYD M6,Jakarta,2025-07-28,healthy,,2025-09-24 10:30:00,-6.330817889,106.8192946,35.1,11.39,TRUE,TRUE
KDC-1092,VH-5092,BYD M6,Jakarta,2025-04-29,healthy,,2025-09-24 9:58:00,-6.159875909,106.6392508,57.4,12.41,TRUE,TRUE
KDC-1093,VH-5093,Innova Zenix,Bogor,2024-01-29,healthy,,2025-09-24 11:28:00,-6.198172622,106.823138,46.7,12.25,TRUE,TRUE
KDC-1094,VH-5094,Calya,Tangerang,2024-05-09,issue,overheat,2025-09-24 14:28:00,-6.34214499,106.7971597,37,12.65,TRUE,TRUE
KDC-1095,VH-5095,Nissan Livina,Depok,2024-07-30,healthy,,2025-09-25 8:14:00,-6.572566939,106.7899528,55.5,12.73,TRUE,TRUE
KDC-1096,VH-5096,Calya,Jakarta,2024-03-12,healthy,,2025-09-24 14:05:00,-6.552916719,106.8317412,42.5,13.11,TRUE,TRUE
KDC-1097,VH-5097,Calya,Bekasi,2024-11-04,healthy,,2025-09-25 5:41:00,-6.292711544,106.9743682,40.4,12.44,TRUE,TRUE
KDC-1098,VH-5098,Calya,Jakarta,2024-12-13,healthy,,2025-09-24 21:53:00,-6.223248947,106.8419659,59.5,12.78,TRUE,TRUE
KDC-1099,VH-5099,Calya,Depok,2024-08-14,healthy,,2025-09-25 3:07:00,-6.594958505,106.8056281,61.3,13.43,TRUE,TRUE
KDC-1100,VH-5100,BYD M6,Jakarta,2024-03-22,healthy,,2025-09-25 2:47:00,-6.143758587,106.6572526,46.5,13.17,TRUE,TRUE
KDC-1101,VH-5101,Calya,Bekasi,2024-03-23,healthy,,2025-09-24 14:22:00,-6.308104927,107.0174615,32.2,11.56,TRUE,TRUE
KDC-1102,VH-5102,Calya,Jakarta,2025-08-31,healthy,,2025-09-24 13:48:00,-6.090569115,106.1165981,50.7,12.32,TRUE,TRUE
KDC-1103,VH-5103,BYD M6,Tangerang,2024-10-27,healthy,,2025-09-24 12:01:00,-6.372500942,106.8555458,46.2,12.57,TRUE,TRUE
KDC-1104,VH-5104,Nissan Livina,Bogor,2024-04-08,healthy,,2025-09-24 7:05:00,-6.612604652,106.7916571,56.5,12.29,TRUE,TRUE
KDC-1105,VH-5105,BYD M6,Jakarta,2025-06-21,healthy,,2025-09-24 20:56:00,-6.081322063,106.7729334,44.7,13.36,TRUE,TRUE
KDC-1106,VH-5106,BYD M6,Depok,2024-09-20,healthy,,2025-09-24 9:38:00,-6.145388528,106.773108,47.9,13.81,TRUE,TRUE
KDC-1107,VH-5107,Innova Zenix,Bogor,2024-10-19,healthy,,2025-09-25 0:46:00,-6.204100681,106.8494929,50,13.47,TRUE,TRUE
KDC-1108,VH-5108,BYD M6,Jakarta,2025-07-29,healthy,,2025-09-24 0:19:00,-6.194695026,106.8664538,44.3,13.16,TRUE,TRUE
KDC-1109,VH-5109,BYD M6,Tangerang,2024-10-22,healthy,,2025-09-24 3:32:00,-6.375898033,106.8266935,48.8,12.12,TRUE,TRUE
KDC-1110,VH-5110,Calya,Bogor,2024-04-23,healthy,,2025-09-25 11:39:00,-6.110632136,106.7588123,25,13.17,TRUE,TRUE
KDC-1111,VH-5111,Nissan Livina,Jakarta,2024-04-24,healthy,,2025-09-24 11:04:00,-6.600705457,106.780834,54.2,12.14,TRUE,TRUE
KDC-1112,VH-5112,BYD M6,Jakarta,2025-09-25,healthy,,2025-09-25 0:48:00,-6.253472282,107.0236285,40.8,12.43,TRUE,TRUE
KDC-1113,VH-5113,Calya,Jakarta,2024-11-22,offline,camera_outward_no_signal,2025-09-24 20:45:00,-6.297952503,106.9943577,41,13.17,TRUE,FALSE
KDC-1114,VH-5114,Calya,Bogor,2024-11-04,healthy,,2025-09-24 8:07:00,-6.214219584,106.8128039,50.7,12.47,TRUE,TRUE
KDC-1115,VH-5115,Calya,Bogor,2025-06-06,healthy,,2025-09-25 0:09:00,-6.283798909,106.9605197,45.1,12.64,TRUE,TRUE
KDC-1116,VH-5116,Nissan Livina,Jakarta,2024-08-10,healthy,,2025-09-24 1:02:00,-6.086376502,106.7726147,39.3,12.16,TRUE,TRUE
KDC-1117,VH-5117,Calya,Jakarta,2025-08-26,healthy,,2025-09-25 5:34:00,-6.284042934,106.98999,35.5,11.69,TRUE,TRUE
KDC-1118,VH-5118,Innova Zenix,Jakarta,2024-07-10,healthy,,2025-09-24 23:50:00,-6.22985427,106.8694896,41.7,12.86,TRUE,TRUE
KDC-1119,VH-5119,Calya,Bogor,2024-03-11,healthy,,2025-09-24 9:25:00,-6.186176534,106.8378038,45.4,12.61,TRUE,TRUE
KDC-1120,VH-5120,Nissan Livina,Tangerang,2025-09-15,healthy,,2025-09-24 21:22:00,-6.190532798,106.816231,49.7,13.13,TRUE,TRUE
KDC-1121,VH-5121,BYD M6,Bogor,2024-10-16,healthy,,2025-09-24 3:43:00,-6.608004364,106.8059793,48.6,13.37,TRUE,TRUE
KDC-1122,VH-5122,Innova Zenix,Bekasi,2024-08-24,healthy,,2025-09-24 15:18:00,-6.297929714,106.9656221,45.8,14.11,TRUE,TRUE
KDC-1123,VH-5123,BYD M6,Jakarta,2024-04-01,issue,low_voltage,2025-09-25 6:40:00,-6.241529297,106.8636271,45.6,11.48,TRUE,TRUE
KDC-1124,VH-5124,Calya,Jakarta,2024-07-28,healthy,,2025-09-25 8:26:00,-6.189044226,106.853373,49.4,12.08,TRUE,TRUE
KDC-1125,VH-5125,Calya,Tangerang,2024-03-03,healthy,,2025-09-24 0:30:00,-6.20006434,106.8456058,45.5,13.12,TRUE,TRUE
KDC-1126,VH-5126,Nissan Livina,Jakarta,2025-04-07,healthy,,2025-09-25 8:38:00,-6.361212656,106.7818739,48.9,12.69,TRUE,TRUE
KDC-1127,VH-5127,Calya,Bekasi,2024-06-01,offline,low_voltage,2025-09-25 11:37:00,-6.152541931,106.6409901,50.9,13.68,TRUE,TRUE
KDC-1128,VH-5128,Nissan Livina,Jakarta,2024-12-28,healthy,,2025-09-25 0:57:00,-6.608502205,106.783726,50.5,12.21,TRUE,TRUE
KDC-1129,VH-5129,Calya,Bogor,2024-01-30,healthy,,2025-09-24 4:33:00,-6.352270069,106.8401888,42.8,11.79,TRUE,TRUE
KDC-1130,VH-5130,Nissan Livina,Bekasi,2025-02-16,healthy,,2025-09-24 10:16:00,-6.126063281,106.7723586,43.4,13.17,TRUE,TRUE
KDC-1131,VH-5131,Avanza,Bogor,2024-02-26,issue,dashcam_error,2025-09-24 10:47:00,-6.201371967,106.6216803,53.2,14.32,TRUE,TRUE
KDC-1132,VH-5132,Calya,Bekasi,2024-07-21,issue,overheat,2025-09-24 16:09:00,-6.085896972,106.1677063,50.4,12.38,TRUE,TRUE
KDC-1133,VH-5133,Calya,Jakarta,2025-07-27,healthy,,2025-09-24 7:32:00,-6.223403325,106.787006,42.9,13.46,TRUE,TRUE
KDC-1134,VH-5134,Calya,Jakarta,2025-07-28,healthy,,2025-09-24 10:12:00,-6.084626181,106.1673348,49.9,12.63,TRUE,TRUE
KDC-1135,VH-5135,BYD M6,Jakarta,2025-07-10,healthy,,2025-09-24 4:53:00,-6.173823708,106.8367186,48.4,13.62,TRUE,TRUE
KDC-1136,VH-5136,Calya,Jakarta,2025-09-02,healthy,,2025-09-25 4:22:00,-6.123204738,106.1462581,44.9,12.61,TRUE,TRUE
KDC-1137,VH-5137,Innova Zenix,Jakarta,2025-05-13,healthy,,2025-09-25 10:57:00,-6.323781124,106.9899901,42,12.27,TRUE,TRUE
KDC-1138,VH-5138,Calya,Bekasi,2024-11-27,healthy,,2025-09-24 8:27:00,-6.213892024,106.817665,57,12.98,TRUE,TRUE
KDC-1139,VH-5139,Nissan Livina,Depok,2024-09-05,healthy,,2025-09-25 9:52:00,-6.196663052,106.7856693,40.6,12.86,TRUE,TRUE
KDC-1140,VH-5140,Calya,Bogor,2025-04-20,healthy,,2025-09-24 8:55:00,-6.158945405,106.6680073,49.2,12.21,TRUE,TRUE
KDC-1141,VH-5141,Nissan Livina,Bekasi,2024-04-15,healthy,,2025-09-25 11:00:00,-6.168299433,106.6569256,40.6,12.9,TRUE,TRUE
KDC-1142,VH-5142,Calya,Jakarta,2025-04-18,healthy,,2025-09-24 0:37:00,-6.228635624,106.9772647,48.1,11.21,TRUE,TRUE
KDC-1143,VH-5143,Calya,Jakarta,2024-07-11,offline,dashcam_error,2025-09-24 17:46:00,-6.363884778,106.8146878,26,13.37,TRUE,TRUE
KDC-1144,VH-5144,Innova Zenix,Depok,2024-04-26,issue,hardware_fault,2025-09-24 16:43:00,-6.288717609,106.9926953,34.9,13.06,TRUE,TRUE
KDC-1145,VH-5145,Calya,Tangerang,2024-01-04,healthy,,2025-09-24 12:50:00,-6.277785287,106.9996821,56,12.75,TRUE,TRUE
KDC-1146,VH-5146,Nissan Livina,Jakarta,2024-08-06,issue,camera_outward_no_signal,2025-09-24 6:46:00,-6.211987338,106.9734429,41.2,12.77,TRUE,FALSE
KDC-1147,VH-5147,Calya,Tangerang,2024-01-23,healthy,,2025-09-25 6:20:00,-6.106399316,106.736754,51.8,13.3,TRUE,TRUE
KDC-1148,VH-5148,Innova Zenix,Depok,2024-07-14,healthy,,2025-09-24 15:09:00,-6.588128889,106.8149837,47.1,12.89,TRUE,TRUE
KDC-1149,VH-5149,Calya,Depok,2024-02-12,issue,overheat,2025-09-25 0:13:00,-6.192983284,106.8320459,61.8,11.62,TRUE,TRUE
KDC-1150,VH-5150,Calya,Bogor,2025-06-24,healthy,,2025-09-24 8:33:00,-6.171877101,106.6451354,49.9,12.92,TRUE,TRUE
KDC-1151,VH-5151,Innova Zenix,Depok,2025-08-01,healthy,,2025-09-25 1:15:00,-6.222338479,106.8508273,44.3,12,TRUE,TRUE
KDC-1152,VH-5152,Nissan Livina,Jakarta,2025-02-24,healthy,,2025-09-25 8:39:00,-6.194926636,106.6330783,48,12.72,TRUE,TRUE
KDC-1153,VH-5153,Calya,Jakarta,2025-08-14,healthy,,2025-09-24 17:00:00,-6.226217218,106.7975281,41.4,11.78,TRUE,TRUE
KDC-1154,VH-5154,Calya,Bekasi,2024-10-14,healthy,,2025-09-24 11:00:00,-6.11179531,106.7896753,40.6,12.81,TRUE,TRUE
KDC-1155,VH-5155,Calya,Bekasi,2025-03-30,healthy,,2025-09-24 11:39:00,-6.098443054,106.1828711,44.3,12.9,TRUE,TRUE
KDC-1156,VH-5156,Nissan Livina,Jakarta,2025-08-11,issue,dashcam_error,2025-09-24 23:11:00,-6.154684242,106.6261126,36.3,11.67,TRUE,TRUE
KDC-1157,VH-5157,Calya,Jakarta,2024-08-21,offline,overheat,2025-09-24 19:23:00,-6.223623045,106.9853857,43.3,13.17,TRUE,TRUE
KDC-1158,VH-5158,Innova Zenix,Bogor,2024-07-19,healthy,,2025-09-24 5:59:00,-6.218444171,106.8394912,30.1,12.16,TRUE,TRUE
KDC-1159,VH-5159,Nissan Livina,Tangerang,2024-07-02,healthy,,2025-09-24 23:34:00,-6.29407287,106.9586521,53.6,12.4,TRUE,TRUE
KDC-1160,VH-5160,Calya,Jakarta,2024-12-17,healthy,,2025-09-24 21:35:00,-6.188203893,106.8570014,41.5,12.78,TRUE,TRUE
KDC-1161,VH-5161,Calya,Bekasi,2024-10-21,healthy,,2025-09-24 4:30:00,-6.222941983,106.8055562,54.4,13.58,TRUE,TRUE
KDC-1162,VH-5162,BYD M6,Jakarta,2025-06-05,healthy,,2025-09-24 18:55:00,-6.182431381,106.8637942,42.5,12.47,TRUE,TRUE
KDC-1163,VH-5163,Calya,Depok,2024-02-10,healthy,,2025-09-24 23:40:00,-6.21643734,106.8154586,54.2,13.33,TRUE,TRUE
KDC-1164,VH-5164,Innova Zenix,Depok,2024-12-26,offline,overheat,2025-09-24 16:29:00,-6.383509838,106.791438,54.9,11.98,TRUE,TRUE
KDC-1165,VH-5165,Calya,Tangerang,2024-09-13,healthy,,2025-09-25 0:21:00,-6.251660324,107.002499,41.6,11.37,TRUE,TRUE
KDC-1166,VH-5166,Calya,Tangerang,2024-08-27,healthy,,2025-09-24 16:18:00,-6.198842055,106.8420864,49,12.77,TRUE,TRUE
KDC-1167,VH-5167,Innova Zenix,Jakarta,2025-07-08,healthy,,2025-09-24 18:21:00,-6.24870815,106.9915544,43.3,12.4,TRUE,TRUE
KDC-1168,VH-5168,Calya,Jakarta,2025-03-31,healthy,,2025-09-24 3:54:00,-6.220744124,106.9653798,49.4,12.28,TRUE,TRUE
KDC-1169,VH-5169,BYD M6,Bogor,2024-07-11,healthy,,2025-09-24 4:42:00,-6.356941243,106.8563144,38.2,12.56,TRUE,TRUE
KDC-1170,VH-5170,Calya,Bekasi,2024-04-08,healthy,,2025-09-24 14:45:00,-6.321082557,106.9786999,42.7,13.47,TRUE,TRUE
KDC-1171,VH-5171,Nissan Livina,Bekasi,2025-08-09,healthy,,2025-09-25 10:21:00,-6.110233843,106.1272,46.8,14.05,TRUE,TRUE
KDC-1172,VH-5172,BYD M6,Jakarta,2024-10-10,issue,camera_inward_no_signal,2025-09-24 17:48:00,-6.129343386,106.7846297,39.9,12.29,FALSE,TRUE
KDC-1173,VH-5173,Calya,Bekasi,2024-12-02,healthy,,2025-09-24 17:46:00,-6.095639377,106.7672126,50.9,12.2,TRUE,TRUE
KDC-1174,VH-5174,BYD M6,Bekasi,2024-05-26,offline,camera_inward_no_signal,2025-09-24 1:22:00,-6.191171727,106.8362224,29.5,12.7,FALSE,TRUE
KDC-1175,VH-5175,BYD M6,Tangerang,2024-11-26,healthy,,2025-09-24 16:10:00,-6.605592935,106.8167247,36.5,12.55,TRUE,TRUE
KDC-1176,VH-5176,BYD M6,Tangerang,2025-08-15,healthy,,2025-09-24 9:09:00,-6.239607587,106.8333939,44.2,12.96,TRUE,TRUE
KDC-1177,VH-5177,Avanza,Jakarta,2024-08-04,healthy,,2025-09-25 7:39:00,-6.144650893,106.1915797,49.6,12.15,TRUE,TRUE
KDC-1178,VH-5178,Calya,Depok,2025-06-05,offline,camera_inward_no_signal,2025-09-24 6:02:00,-6.230839377,106.8250104,48.2,12.75,FALSE,TRUE
KDC-1179,VH-5179,BYD M6,Tangerang,2025-03-18,healthy,,2025-09-24 10:40:00,-6.296389494,107.0052769,56.3,12.84,TRUE,TRUE
KDC-1180,VH-5180,Calya,Jakarta,2025-04-23,healthy,,2025-09-24 19:08:00,-6.166745226,106.6284407,46.3,13.53,TRUE,TRUE
KDC-1181,VH-5181,Nissan Livina,Jakarta,2024-01-02,healthy,,2025-09-24 1:56:00,-6.211063921,106.8746715,41.6,11.16,TRUE,TRUE
KDC-1182,VH-5182,BYD M6,Jakarta,2024-10-25,healthy,,2025-09-25 7:20:00,-6.591402436,106.7876706,58.1,10.95,TRUE,TRUE
KDC-1183,VH-5183,Nissan Livina,Bekasi,2025-05-14,issue,dashcam_error,2025-09-24 4:55:00,-6.327752745,106.8415197,54.5,11.83,TRUE,TRUE
KDC-1184,VH-5184,BYD M6,Bogor,2025-05-16,healthy,,2025-09-25 11:30:00,-6.225774405,106.8330487,40.2,12.14,TRUE,TRUE
KDC-1185,VH-5185,Calya,Jakarta,2024-03-15,healthy,,2025-09-25 7:00:00,-6.574859376,106.8032776,52.1,12.76,TRUE,TRUE
KDC-1186,VH-5186,Calya,Depok,2024-09-23,healthy,,2025-09-25 10:14:00,-6.180102999,106.6512554,48,12.25,TRUE,TRUE
KDC-1187,VH-5187,Calya,Bogor,2024-07-29,issue,dashcam_error,2025-09-24 4:27:00,-6.20603684,106.8446176,45.6,11.19,TRUE,TRUE
KDC-1188,VH-5188,Calya,Tangerang,2024-10-24,healthy,,2025-09-24 6:52:00,-6.192704886,106.6234592,42,12.37,TRUE,TRUE
KDC-1189,VH-5189,Calya,Tangerang,2024-01-02,healthy,,2025-09-25 4:47:00,-6.377291237,106.8099058,37.6,11.98,TRUE,TRUE
KDC-1190,VH-5190,Innova Zenix,Jakarta,2024-07-25,healthy,,2025-09-24 23:53:00,-6.329551206,107.004944,52.4,13.3,TRUE,TRUE
KDC-1191,VH-5191,Innova Zenix,Jakarta,2024-10-22,healthy,,2025-09-24 6:33:00,-6.114254924,106.1384791,54.3,12.45,TRUE,TRUE
KDC-1192,VH-5192,Calya,Tangerang,2025-05-19,healthy,,2025-09-24 4:11:00,-6.350769457,106.8241693,56.9,13.6,TRUE,TRUE
KDC-1193,VH-5193,Nissan Livina,Jakarta,2025-01-26,healthy,,2025-09-24 19:21:00,-6.254356488,107.0135544,39.4,13.32,TRUE,TRUE
KDC-1194,VH-5194,BYD M6,Jakarta,2025-05-13,healthy,,2025-09-24 22:09:00,-6.156924386,106.6469951,47.6,12.95,TRUE,TRUE
KDC-1195,VH-5195,Calya,Jakarta,2025-02-04,healthy,,2025-09-25 5:46:00,-6.16957117,106.6212589,35.8,13.28,TRUE,TRUE
KDC-1196,VH-5196,Nissan Livina,Jakarta,2024-07-21,healthy,,2025-09-25 11:34:00,-6.238354234,106.7954207,41.9,12.23,TRUE,TRUE
KDC-1197,VH-5197,Calya,Bogor,2024-08-30,healthy,,2025-09-25 4:11:00,-6.108357015,106.1286893,45.6,11.54,TRUE,TRUE
KDC-1198,VH-5198,Calya,Jakarta,2025-07-15,healthy,,2025-09-24 22:25:00,-6.616229536,106.810247,40.4,14.65,TRUE,TRUE
KDC-1199,VH-5199,Innova Zenix,Jakarta,2025-02-13,healthy,,2025-09-24 9:44:00,-6.361193902,106.8402734,57.7,12.09,TRUE,TRUE
KDC-1200,VH-5200,Innova Zenix,Jakarta,2025-05-22,healthy,,2025-09-24 23:12:00,-6.117654715,106.7516482,41.3,11.39,TRUE,TRUE
KDC-1201,VH-5201,Innova Zenix,Jakarta,2024-01-12,issue,camera_outward_no_signal,2025-09-24 9:30:00,-6.245369229,106.8366126,48.5,11.49,TRUE,FALSE
KDC-1202,VH-5202,BYD M6,Bekasi,2024-06-01,healthy,,2025-09-24 18:22:00,-6.227368186,106.7921574,46.5,12.48,TRUE,TRUE
KDC-1203,VH-5203,Calya,Jakarta,2024-08-13,healthy,,2025-09-24 8:43:00,-6.167635089,106.6315275,35.3,12.88,TRUE,TRUE
KDC-1204,VH-5204,Calya,Bogor,2025-07-13,offline,low_voltage,2025-09-25 3:05:00,-6.292181442,106.9934814,45.9,11.14,TRUE,TRUE
KDC-1205,VH-5205,Nissan Livina,Bekasi,2025-04-11,healthy,,2025-09-24 10:33:00,-6.226774519,106.8304568,42.8,12.72,TRUE,TRUE
KDC-1206,VH-5206,Innova Zenix,Jakarta,2024-04-25,healthy,,2025-09-25 10:42:00,-6.191289785,106.8285799,50.3,13.59,TRUE,TRUE
KDC-1207,VH-5207,Innova Zenix,Jakarta,2025-03-08,healthy,,2025-09-24 11:30:00,-6.233579057,106.6200384,39.6,12.41,TRUE,TRUE
KDC-1208,VH-5208,Innova Zenix,Bogor,2025-09-03,healthy,,2025-09-24 20:07:00,-6.288093629,106.9941689,31.9,11.39,TRUE,TRUE
KDC-1209,VH-5209,BYD M6,Bogor,2025-01-04,healthy,,2025-09-25 10:24:00,-6.073637312,106.7874011,41.1,12.24,TRUE,TRUE
KDC-1210,VH-5210,Calya,Tangerang,2024-09-19,healthy,,2025-09-24 8:44:00,-6.273197895,106.9696051,49.6,11.26,TRUE,TRUE
KDC-1211,VH-5211,Avanza,Jakarta,2025-02-27,healthy,,2025-09-25 7:38:00,-6.224280181,106.9679157,38.6,13.85,TRUE,TRUE
KDC-1212,VH-5212,Calya,Depok,2024-09-07,healthy,,2025-09-24 12:38:00,-6.22185098,106.8605384,49.5,12.77,TRUE,TRUE
KDC-1213,VH-5213,Nissan Livina,Tangerang,2025-08-06,healthy,,2025-09-25 10:27:00,-6.340907536,106.8063587,46.8,11.69,TRUE,TRUE
KDC-1214,VH-5214,Innova Zenix,Jakarta,2024-05-30,healthy,,2025-09-25 5:41:00,-6.209366552,106.7839244,50.9,12.26,TRUE,TRUE
KDC-1215,VH-5215,BYD M6,Jakarta,2024-09-18,healthy,,2025-09-24 7:18:00,-6.345007308,106.8506654,41.8,12.21,TRUE,TRUE
KDC-1216,VH-5216,BYD M6,Bekasi,2025-02-10,healthy,,2025-09-25 8:02:00,-6.155972485,106.659361,47,12.04,TRUE,TRUE
KDC-1217,VH-5217,Calya,Bekasi,2024-03-20,healthy,,2025-09-25 7:32:00,-6.63535746,106.8121667,56.8,11.8,TRUE,TRUE
KDC-1218,VH-5218,Calya,Tangerang,2025-08-05,healthy,,2025-09-25 7:35:00,-6.0966552,106.7935573,51.3,12.33,TRUE,TRUE
KDC-1219,VH-5219,Innova Zenix,Tangerang,2025-06-20,healthy,,2025-09-24 19:51:00,-6.237495219,106.9988622,39.8,13.74,TRUE,TRUE
KDC-1220,VH-5220,Calya,Depok,2025-03-14,healthy,,2025-09-25 6:38:00,-6.284574034,107.014102,41.2,12.55,TRUE,TRUE
KDC-1221,VH-5221,BYD M6,Tangerang,2024-04-08,healthy,,2025-09-24 7:47:00,-6.604514741,106.8325086,51.4,12.28,TRUE,TRUE
KDC-1222,VH-5222,Calya,Depok,2025-05-14,healthy,,2025-09-24 1:52:00,-6.148377443,106.1245199,40.4,12.05,TRUE,TRUE
KDC-1223,VH-5223,Innova Zenix,Tangerang,2025-03-03,healthy,,2025-09-24 1:54:00,-6.104924929,106.1426351,41.2,12.26,TRUE,TRUE
KDC-1224,VH-5224,Innova Zenix,Jakarta,2024-10-23,healthy,,2025-09-24 12:08:00,-6.230707517,106.8946454,54.5,13.27,TRUE,TRUE
KDC-1225,VH-5225,Innova Zenix,Tangerang,2025-03-18,healthy,,2025-09-25 2:48:00,-6.138203012,106.7539039,44.5,12.23,TRUE,TRUE
KDC-1226,VH-5226,Nissan Livina,Bekasi,2024-02-10,issue,overheat,2025-09-24 3:13:00,-6.209547362,106.8333522,60.6,13.57,TRUE,TRUE
KDC-1227,VH-5227,Avanza,Jakarta,2025-04-10,healthy,,2025-09-24 21:48:00,-6.283203963,107.0089411,39.6,12.76,TRUE,TRUE
KDC-1228,VH-5228,Calya,Depok,2025-07-14,healthy,,2025-09-25 6:55:00,-6.070622814,106.151202,26.1,12.32,TRUE,TRUE
KDC-1229,VH-5229,Calya,Jakarta,2024-01-02,healthy,,2025-09-24 1:51:00,-6.232812379,106.8545078,45.1,11.98,TRUE,TRUE
KDC-1230,VH-5230,Calya,Jakarta,2024-10-21,healthy,,2025-09-24 8:41:00,-6.212564224,106.7669736,48.1,12.57,TRUE,TRUE
KDC-1231,VH-5231,Calya,Jakarta,2025-07-10,healthy,,2025-09-24 0:28:00,-6.286538686,106.9963961,42.4,13.23,TRUE,TRUE
KDC-1232,VH-5232,Calya,Jakarta,2025-03-06,healthy,,2025-09-24 9:13:00,-6.205568728,106.6180098,57.9,13.51,TRUE,TRUE
KDC-1233,VH-5233,Innova Zenix,Depok,2024-01-26,healthy,,2025-09-25 6:20:00,-6.568215961,106.8336377,49.8,13.03,TRUE,TRUE
KDC-1234,VH-5234,Calya,Bekasi,2024-05-01,healthy,,2025-09-24 4:30:00,-6.083548963,106.1399429,52.6,12.88,TRUE,TRUE
KDC-1235,VH-5235,Innova Zenix,Jakarta,2024-12-07,healthy,,2025-09-25 10:44:00,-6.207586501,106.8686155,42.1,12.81,TRUE,TRUE
KDC-1236,VH-5236,Calya,Depok,2024-03-16,healthy,,2025-09-25 8:42:00,-6.162954529,106.6251527,47.5,11.62,TRUE,TRUE
KDC-1237,VH-5237,Calya,Tangerang,2024-07-02,healthy,,2025-09-25 10:17:00,-6.232982165,106.7771975,50.8,13.22,TRUE,TRUE
KDC-1238,VH-5238,Calya,Jakarta,2025-01-11,issue,hardware_fault,2025-09-25 1:16:00,-6.234561208,106.7838559,44,12.35,TRUE,TRUE
KDC-1239,VH-5239,Innova Zenix,Tangerang,2024-12-10,healthy,,2025-09-25 11:03:00,-6.180782355,106.6517897,39.5,12,TRUE,TRUE
KDC-1240,VH-5240,BYD M6,Tangerang,2024-09-15,healthy,,2025-09-25 5:31:00,-6.302962553,106.9732416,41.9,13.23,TRUE,TRUE
KDC-1241,VH-5241,Calya,Jakarta,2025-09-06,healthy,,2025-09-24 10:36:00,-6.18452237,106.8527645,43.1,11.65,TRUE,TRUE
KDC-1242,VH-5242,Calya,Jakarta,2024-09-05,healthy,,2025-09-25 5:58:00,-6.295147333,106.9670844,40.4,13.45,TRUE,TRUE
KDC-1243,VH-5243,BYD M6,Jakarta,2025-04-12,issue,dashcam_error,2025-09-24 6:09:00,-6.209142612,106.8488911,34.2,11.55,TRUE,TRUE
KDC-1244,VH-5244,Nissan Livina,Jakarta,2025-01-31,issue,low_voltage,2025-09-24 3:23:00,-6.260387981,106.9809613,40.6,11.64,TRUE,TRUE
KDC-1245,VH-5245,Calya,Bogor,2024-03-09,healthy,,2025-09-24 16:58:00,-6.122023473,106.1556843,37,12.92,TRUE,TRUE
KDC-1246,VH-5246,Avanza,Jakarta,2024-07-16,healthy,,2025-09-25 1:07:00,-6.371628547,106.838526,38.8,13.45,TRUE,TRUE
KDC-1247,VH-5247,Innova Zenix,Jakarta,2024-02-20,issue,camera_outward_no_signal,2025-09-24 13:00:00,-6.118179936,106.7775331,40.5,11.92,TRUE,FALSE
KDC-1248,VH-5248,Calya,Jakarta,2025-09-15,healthy,,2025-09-25 8:48:00,-6.089815847,106.1276928,51.9,11.84,TRUE,TRUE
KDC-1249,VH-5249,Calya,Bogor,2025-03-27,healthy,,2025-09-24 8:16:00,-6.593945955,106.7959146,47.3,13.09,TRUE,TRUE
KDC-1250,VH-5250,Calya,Jakarta,2024-02-25,issue,hardware_fault,2025-09-24 6:25:00,-6.189001401,106.6367153,36.1,11.3,TRUE,TRUE
KDC-1251,VH-5251,BYD M6,Bekasi,2025-01-01,healthy,,2025-09-24 9:37:00,-6.191371798,106.6306653,42.5,13.06,TRUE,TRUE
KDC-1252,VH-5252,BYD M6,Jakarta,2025-04-19,healthy,,2025-09-24 6:05:00,-6.219333397,107.004919,46.1,12.35,TRUE,TRUE
KDC-1253,VH-5253,Calya,Tangerang,2024-07-07,healthy,,2025-09-24 23:51:00,-6.09885932,106.1306973,53.2,12.69,TRUE,TRUE
KDC-1254,VH-5254,Nissan Livina,Bogor,2025-08-06,healthy,,2025-09-24 17:09:00,-6.305610604,106.9605297,51.9,12.27,TRUE,TRUE
KDC-1255,VH-5255,Calya,Jakarta,2024-01-08,healthy,,2025-09-24 13:18:00,-6.22524406,106.780421,35,12.77,TRUE,TRUE
KDC-1256,VH-5256,Calya,Bogor,2025-04-02,healthy,,2025-09-25 2:40:00,-6.563132403,106.8191083,51.6,10.84,TRUE,TRUE
KDC-1257,VH-5257,BYD M6,Depok,2024-08-25,healthy,,2025-09-24 19:04:00,-6.172889281,106.8848069,59,12.37,TRUE,TRUE
KDC-1258,VH-5258,BYD M6,Jakarta,2024-07-11,healthy,,2025-09-25 8:08:00,-6.227820586,106.8359812,55.5,13.21,TRUE,TRUE
KDC-1259,VH-5259,Nissan Livina,Bogor,2024-04-18,healthy,,2025-09-24 4:19:00,-6.146003539,106.7373368,44.7,12.83,TRUE,TRUE
KDC-1260,VH-5260,BYD M6,Bekasi,2025-05-18,healthy,,2025-09-24 4:25:00,-6.239955749,106.7654581,44,12.24,TRUE,TRUE
KDC-1261,VH-5261,Calya,Bekasi,2025-06-19,healthy,,2025-09-25 5:19:00,-6.259574761,106.986278,29.2,11.8,TRUE,TRUE
KDC-1262,VH-5262,BYD M6,Jakarta,2025-07-09,healthy,,2025-09-24 2:52:00,-6.341301981,106.8434539,38,12.78,TRUE,TRUE
KDC-1263,VH-5263,Calya,Bogor,2024-04-21,issue,low_voltage,2025-09-24 14:11:00,-6.325706939,106.9847029,41.4,12.67,TRUE,TRUE
KDC-1264,VH-5264,Calya,Bogor,2024-06-08,healthy,,2025-09-24 16:52:00,-6.297489086,106.9970567,38.4,11.95,TRUE,TRUE
KDC-1265,VH-5265,Calya,Jakarta,2024-04-28,healthy,,2025-09-25 11:54:00,-6.241717738,106.9671559,52.9,14.15,TRUE,TRUE
KDC-1266,VH-5266,BYD M6,Jakarta,2025-06-08,healthy,,2025-09-25 8:22:00,-6.196128698,106.8710032,53.1,12.24,TRUE,TRUE
KDC-1267,VH-5267,Calya,Jakarta,2024-11-09,healthy,,2025-09-24 16:12:00,-6.213506493,106.8248819,29.4,12.84,TRUE,TRUE
KDC-1268,VH-5268,Nissan Livina,Jakarta,2025-07-01,healthy,,2025-09-24 3:36:00,-6.254938225,106.997894,35.9,13.19,TRUE,TRUE
KDC-1269,VH-5269,Avanza,Bogor,2024-09-25,healthy,,2025-09-24 3:57:00,-6.228836346,106.8257958,43.7,11.6,TRUE,TRUE
KDC-1270,VH-5270,Nissan Livina,Depok,2024-07-27,healthy,,2025-09-24 2:55:00,-6.09953896,106.1501277,40.7,13.03,TRUE,TRUE
KDC-1271,VH-5271,BYD M6,Tangerang,2025-09-20,healthy,,2025-09-25 3:02:00,-6.341271825,106.8309349,46.2,10.9,TRUE,TRUE
KDC-1272,VH-5272,Calya,Tangerang,2024-12-18,healthy,,2025-09-25 2:58:00,-6.277789011,106.8198038,56.9,12.44,TRUE,TRUE
KDC-1273,VH-5273,Calya,Jakarta,2024-01-05,healthy,,2025-09-25 10:47:00,-6.228080069,106.8222592,49.8,12.11,TRUE,TRUE
KDC-1274,VH-5274,Calya,Jakarta,2025-06-03,healthy,,2025-09-24 0:16:00,-6.588754334,106.818787,41.8,12.22,TRUE,TRUE
KDC-1275,VH-5275,Calya,Bekasi,2024-09-06,healthy,,2025-09-24 5:35:00,-6.225197761,106.8461881,49.3,12.24,TRUE,TRUE
KDC-1276,VH-5276,Calya,Jakarta,2024-11-12,healthy,,2025-09-25 9:37:00,-6.319175534,107.0047506,44.7,11.91,TRUE,TRUE
KDC-1277,VH-5277,Innova Zenix,Jakarta,2024-06-20,healthy,,2025-09-25 10:56:00,-6.172891507,106.8403848,44.4,12.85,TRUE,TRUE
KDC-1278,VH-5278,Calya,Bekasi,2025-08-05,healthy,,2025-09-24 9:17:00,-6.163187964,106.8266544,48.6,11.75,TRUE,TRUE
KDC-1279,VH-5279,BYD M6,Jakarta,2025-04-22,healthy,,2025-09-25 1:47:00,-6.589639026,106.8249358,58.7,12.35,TRUE,TRUE
KDC-1280,VH-5280,Calya,Jakarta,2024-08-13,healthy,,2025-09-25 11:13:00,-6.281371154,106.9802435,40.1,12.47,TRUE,TRUE
KDC-1281,VH-5281,Calya,Jakarta,2025-01-16,healthy,,2025-09-24 0:55:00,-6.120440644,106.7870769,41.7,12.83,TRUE,TRUE
KDC-1282,VH-5282,Calya,Jakarta,2025-05-23,healthy,,2025-09-24 0:03:00,-6.237961658,106.894454,47.9,13.22,TRUE,TRUE
KDC-1283,VH-5283,Calya,Tangerang,2024-10-27,healthy,,2025-09-24 14:20:00,-6.132838049,106.757749,58.7,12.71,TRUE,TRUE
KDC-1284,VH-5284,Nissan Livina,Bekasi,2024-12-19,healthy,,2025-09-24 4:34:00,-6.579642011,106.8116289,51.7,12.88,TRUE,TRUE
KDC-1285,VH-5285,Calya,Jakarta,2025-04-18,offline,camera_outward_no_signal,2025-09-24 17:57:00,-6.125222141,106.1247479,43.3,12.59,TRUE,FALSE
KDC-1286,VH-5286,BYD M6,Tangerang,2024-09-02,healthy,,2025-09-24 12:07:00,-6.121892061,106.1328776,47.3,12.62,TRUE,TRUE
KDC-1287,VH-5287,Innova Zenix,Jakarta,2024-06-28,healthy,,2025-09-25 2:28:00,-6.215949814,106.8115593,31.8,12.99,TRUE,TRUE
KDC-1288,VH-5288,Innova Zenix,Depok,2024-08-31,healthy,,2025-09-25 1:35:00,-6.194923652,106.7537454,60.9,11.76,TRUE,TRUE
KDC-1289,VH-5289,Calya,Tangerang,2024-12-23,offline,camera_inward_no_signal,2025-09-25 9:20:00,-6.22172422,106.8033889,36.4,12.25,FALSE,TRUE
KDC-1290,VH-5290,Calya,Depok,2024-04-11,issue,dashcam_error,2025-09-24 10:53:00,-6.225952907,106.9730798,54.2,12.09,TRUE,TRUE
KDC-1291,VH-5291,BYD M6,Bogor,2025-02-25,issue,overheat,2025-09-24 9:16:00,-6.634001679,106.7933335,53.7,12.3,TRUE,TRUE
KDC-1292,VH-5292,Nissan Livina,Jakarta,2024-10-16,healthy,,2025-09-24 3:44:00,-6.342229789,106.8244835,47.2,13.29,TRUE,TRUE
KDC-1293,VH-5293,Calya,Tangerang,2024-02-03,healthy,,2025-09-24 21:49:00,-6.214826244,106.812636,39.3,12.91,TRUE,TRUE
KDC-1294,VH-5294,Innova Zenix,Tangerang,2024-01-27,healthy,,2025-09-25 2:01:00,-6.299336055,107.0125197,36.8,12.81,TRUE,TRUE
KDC-1295,VH-5295,Nissan Livina,Tangerang,2025-05-11,healthy,,2025-09-24 1:29:00,-6.190483818,106.6571918,38.7,11.18,TRUE,TRUE
KDC-1296,VH-5296,Calya,Bekasi,2025-04-06,issue,hardware_fault,2025-09-24 18:46:00,-6.247140501,106.8153034,45.9,11.28,TRUE,TRUE
KDC-1297,VH-5297,BYD M6,Jakarta,2024-03-22,healthy,,2025-09-24 5:29:00,-6.165557267,106.6214174,46.1,12.13,TRUE,TRUE
KDC-1298,VH-5298,Calya,Tangerang,2025-09-02,healthy,,2025-09-24 11:34:00,-6.210602555,106.8807649,38.8,12.81,TRUE,TRUE
KDC-1299,VH-5299,Calya,Bogor,2024-07-16,healthy,,2025-09-25 7:22:00,-6.294790849,106.9687961,35.1,12.28,TRUE,TRUE
KDC-1300,VH-5300,Nissan Livina,Bekasi,2024-05-10,healthy,,2025-09-25 5:16:00,-6.186595155,106.6371999,48.8,11.38,TRUE,TRUE
KDC-1301,VH-5301,BYD M6,Bogor,2024-11-10,healthy,,2025-09-25 5:15:00,-6.172861751,106.5908428,34.1,12.43,TRUE,TRUE
KDC-1302,VH-5302,Innova Zenix,Bogor,2025-09-25,healthy,,2025-09-24 0:51:00,-6.188087496,106.6195147,62.1,13.24,TRUE,TRUE
KDC-1303,VH-5303,Innova Zenix,Jakarta,2025-08-31,healthy,,2025-09-25 5:51:00,-6.136596021,106.1513012,49.5,13.31,TRUE,TRUE
KDC-1304,VH-5304,Innova Zenix,Jakarta,2024-02-03,healthy,,2025-09-24 20:18:00,-6.211725881,106.8199075,41.5,12.16,TRUE,TRUE
KDC-1305,VH-5305,BYD M6,Bogor,2024-07-09,issue,camera_inward_no_signal,2025-09-24 6:05:00,-6.224033933,106.7916683,43.4,13.06,FALSE,TRUE
KDC-1306,VH-5306,BYD M6,Depok,2025-08-19,issue,overheat,2025-09-24 14:16:00,-6.120653919,106.1955094,49.3,12.48,TRUE,TRUE
KDC-1307,VH-5307,Calya,Depok,2024-08-09,healthy,,2025-09-24 19:09:00,-6.242060798,106.852251,37.8,11.45,TRUE,TRUE
KDC-1308,VH-5308,Innova Zenix,Jakarta,2025-07-08,healthy,,2025-09-24 5:30:00,-6.110187729,106.737189,49.8,11.71,TRUE,TRUE
KDC-1309,VH-5309,Calya,Jakarta,2025-06-05,healthy,,2025-09-24 7:19:00,-6.21225284,106.8580121,34.8,12.06,TRUE,TRUE
KDC-1310,VH-5310,BYD M6,Jakarta,2025-06-04,healthy,,2025-09-25 6:45:00,-6.300685517,107.0115699,39.8,11.97,TRUE,TRUE
KDC-1311,VH-5311,BYD M6,Depok,2024-04-24,healthy,,2025-09-24 0:33:00,-6.224839856,106.8871337,51.1,12.93,TRUE,TRUE
KDC-1312,VH-5312,Avanza,Jakarta,2024-01-02,healthy,,2025-09-25 10:58:00,-6.115997684,106.1524149,36,12.77,TRUE,TRUE
KDC-1313,VH-5313,Innova Zenix,Jakarta,2024-05-27,healthy,,2025-09-24 12:22:00,-6.592653343,106.7822098,46.4,12.23,TRUE,TRUE
KDC-1314,VH-5314,Nissan Livina,Bogor,2025-08-20,healthy,,2025-09-25 1:10:00,-6.231293357,106.7983891,58.2,12.16,TRUE,TRUE
KDC-1315,VH-5315,Calya,Tangerang,2025-07-03,healthy,,2025-09-25 8:38:00,-6.088033146,106.1228987,42.9,13.48,TRUE,TRUE
KDC-1316,VH-5316,Calya,Bekasi,2025-04-16,healthy,,2025-09-24 14:11:00,-6.294756683,106.9857375,40,12.18,TRUE,TRUE
KDC-1317,VH-5317,Calya,Bogor,2024-12-30,healthy,,2025-09-24 8:18:00,-6.596265886,106.8128973,47.8,13.17,TRUE,TRUE
KDC-1318,VH-5318,Innova Zenix,Bogor,2025-01-08,healthy,,2025-09-24 13:34:00,-6.102615698,106.1667788,44.5,13.9,TRUE,TRUE
KDC-1319,VH-5319,Avanza,Bogor,2025-08-02,issue,camera_inward_no_signal,2025-09-24 10:30:00,-6.117477535,106.1630684,34.2,12.48,FALSE,TRUE
KDC-1320,VH-5320,Calya,Jakarta,2025-07-09,healthy,,2025-09-24 6:30:00,-6.099319205,106.1529713,48.8,11.71,TRUE,TRUE
KDC-1321,VH-5321,Calya,Tangerang,2024-01-15,healthy,,2025-09-24 5:28:00,-6.112930295,106.1485402,48.6,13.69,TRUE,TRUE
KDC-1322,VH-5322,BYD M6,Bogor,2024-12-06,healthy,,2025-09-24 3:03:00,-6.191537688,106.8457953,33.9,12.79,TRUE,TRUE
KDC-1323,VH-5323,BYD M6,Depok,2024-08-29,healthy,,2025-09-24 4:45:00,-6.331507543,106.9950317,53.5,12.32,TRUE,TRUE
KDC-1324,VH-5324,Calya,Jakarta,2025-08-20,healthy,,2025-09-25 4:04:00,-6.594304252,106.7860141,53.4,13.34,TRUE,TRUE
KDC-1325,VH-5325,Avanza,Jakarta,2024-04-13,healthy,,2025-09-24 4:25:00,-6.375266686,106.8672496,52.6,12.89,TRUE,TRUE
KDC-1326,VH-5326,Innova Zenix,Tangerang,2025-08-04,healthy,,2025-09-25 2:32:00,-6.217500149,106.8357491,47.1,10.81,TRUE,TRUE
KDC-1327,VH-5327,Calya,Jakarta,2025-02-01,healthy,,2025-09-25 4:46:00,-6.2138002,106.8500106,45.1,14.28,TRUE,TRUE
KDC-1328,VH-5328,Nissan Livina,Bogor,2024-04-18,healthy,,2025-09-24 22:41:00,-6.317849297,106.9633911,49.4,13.49,TRUE,TRUE
KDC-1329,VH-5329,Calya,Depok,2024-02-20,healthy,,2025-09-25 5:19:00,-6.241797965,106.6812529,37.5,12.08,TRUE,TRUE
KDC-1330,VH-5330,Calya,Depok,2024-09-26,healthy,,2025-09-24 23:26:00,-6.112965903,106.1341117,49.1,13.61,TRUE,TRUE
KDC-1331,VH-5331,Calya,Depok,2025-06-28,issue,low_voltage,2025-09-24 10:50:00,-6.242149392,106.8387795,52,12.19,TRUE,TRUE
KDC-1332,VH-5332,Calya,Jakarta,2025-01-05,healthy,,2025-09-24 18:40:00,-6.225903449,106.8520881,37.9,11.16,TRUE,TRUE
KDC-1333,VH-5333,Calya,Jakarta,2025-07-27,healthy,,2025-09-24 5:00:00,-6.208785763,106.8670286,29.5,12.41,TRUE,TRUE
KDC-1334,VH-5334,Calya,Jakarta,2025-01-29,healthy,,2025-09-24 9:17:00,-6.135163287,106.1438194,37.4,11.8,TRUE,TRUE
KDC-1335,VH-5335,Nissan Livina,Bekasi,2024-02-01,healthy,,2025-09-24 13:48:00,-6.215771196,106.7527749,44.9,12.9,TRUE,TRUE
KDC-1336,VH-5336,Calya,Jakarta,2024-07-19,offline,camera_inward_no_signal,2025-09-24 8:32:00,-6.62185071,106.7892468,38.3,12.79,FALSE,TRUE
KDC-1337,VH-5337,Nissan Livina,Jakarta,2025-04-23,healthy,,2025-09-24 12:15:00,-6.222821949,106.8129975,55.4,13.35,TRUE,TRUE
KDC-1338,VH-5338,Calya,Depok,2024-05-04,healthy,,2025-09-24 10:04:00,-6.206363084,106.752984,46.9,12.73,TRUE,TRUE
KDC-1339,VH-5339,Nissan Livina,Jakarta,2025-08-11,healthy,,2025-09-24 14:41:00,-6.219536871,106.8276795,35,11.68,TRUE,TRUE
KDC-1340,VH-5340,Calya,Jakarta,2024-02-26,healthy,,2025-09-24 21:57:00,-6.216288089,106.6180866,56.9,12.27,TRUE,TRUE
KDC-1341,VH-5341,Calya,Jakarta,2024-04-13,healthy,,2025-09-24 22:37:00,-6.312054585,106.8168869,45.9,12.99,TRUE,TRUE
KDC-1342,VH-5342,BYD M6,Depok,2024-11-11,healthy,,2025-09-24 19:04:00,-6.106408843,106.1304186,50.2,12.92,TRUE,TRUE
KDC-1343,VH-5343,Innova Zenix,Tangerang,2025-03-21,healthy,,2025-09-25 5:31:00,-6.177255452,106.6210943,29.2,13.62,TRUE,TRUE
KDC-1344,VH-5344,Calya,Jakarta,2025-07-01,healthy,,2025-09-25 3:38:00,-6.139739258,106.6404411,42,12.45,TRUE,TRUE
KDC-1345,VH-5345,Calya,Bogor,2025-05-25,healthy,,2025-09-24 4:19:00,-6.118267421,106.145947,41.5,12.15,TRUE,TRUE
KDC-1346,VH-5346,BYD M6,Bekasi,2024-04-02,healthy,,2025-09-24 2:12:00,-6.247427051,106.8042196,36.3,12.28,TRUE,TRUE
KDC-1347,VH-5347,Nissan Livina,Bekasi,2024-03-15,healthy,,2025-09-25 0:42:00,-6.397582122,106.8635528,41.2,12.42,TRUE,TRUE
KDC-1348,VH-5348,Innova Zenix,Bekasi,2024-06-10,healthy,,2025-09-24 0:13:00,-6.141715204,106.7961473,45.4,12.88,TRUE,TRUE
KDC-1349,VH-5349,Calya,Jakarta,2025-09-05,healthy,,2025-09-24 18:50:00,-6.288505051,107.0173366,49.6,12.79,TRUE,TRUE
KDC-1350,VH-5350,Nissan Livina,Jakarta,2024-12-25,issue,low_voltage,2025-09-24 3:21:00,-6.599809301,106.8334153,48.8,11.41,TRUE,TRUE
KDC-1351,VH-5351,Nissan Livina,Bogor,2024-10-24,healthy,,2025-09-24 13:55:00,-6.199665138,106.6410267,60.1,12.1,TRUE,TRUE
KDC-1352,VH-5352,Calya,Depok,2025-09-15,healthy,,2025-09-25 11:17:00,-6.202121933,106.8710098,48,11.42,TRUE,TRUE
KDC-1353,VH-5353,Calya,Jakarta,2025-03-23,healthy,,2025-09-24 8:13:00,-6.192561427,106.8695148,51.5,13.57,TRUE,TRUE
KDC-1354,VH-5354,Calya,Jakarta,2024-06-24,healthy,,2025-09-25 7:07:00,-6.117211883,106.1845343,48.4,12.17,TRUE,TRUE
KDC-1355,VH-5355,Calya,Bekasi,2024-09-14,healthy,,2025-09-24 1:09:00,-6.634801675,106.7913971,32.6,12.77,TRUE,TRUE
KDC-1356,VH-5356,Nissan Livina,Depok,2025-04-24,healthy,,2025-09-25 2:16:00,-6.612334231,106.7794342,50.8,12.31,TRUE,TRUE
KDC-1357,VH-5357,Avanza,Jakarta,2025-01-16,healthy,,2025-09-25 11:58:00,-6.282446291,107.009451,47.2,13.31,TRUE,TRUE
KDC-1358,VH-5358,Calya,Tangerang,2025-02-09,healthy,,2025-09-25 2:50:00,-6.262729429,106.9616392,51.7,11.98,TRUE,TRUE
KDC-1359,VH-5359,Nissan Livina,Jakarta,2024-04-05,healthy,,2025-09-24 21:51:00,-6.071942448,106.1196971,46,12.55,TRUE,TRUE
KDC-1360,VH-5360,BYD M6,Bekasi,2024-04-24,healthy,,2025-09-24 5:17:00,-6.209388757,106.8659394,43,12.18,TRUE,TRUE
KDC-1361,VH-5361,Calya,Jakarta,2024-04-28,healthy,,2025-09-25 1:43:00,-6.115894877,106.1810839,29.8,11.56,TRUE,TRUE
KDC-1362,VH-5362,Calya,Tangerang,2025-01-14,healthy,,2025-09-24 19:41:00,-6.562019855,106.8180939,51.7,11.69,TRUE,TRUE
KDC-1363,VH-5363,Nissan Livina,Jakarta,2024-01-05,healthy,,2025-09-25 3:27:00,-6.20489757,106.8708475,56.8,13.44,TRUE,TRUE
KDC-1364,VH-5364,Calya,Bekasi,2025-05-21,issue,hardware_fault,2025-09-24 16:12:00,-6.16038843,106.8683147,33.5,12.8,TRUE,TRUE
KDC-1365,VH-5365,Calya,Jakarta,2024-11-02,offline,hardware_fault,2025-09-24 23:29:00,-6.34064586,106.9701376,54.2,12.5,TRUE,TRUE
KDC-1366,VH-5366,Nissan Livina,Depok,2024-04-07,healthy,,2025-09-24 17:18:00,-6.118212921,106.8049068,49.4,11.85,TRUE,TRUE
KDC-1367,VH-5367,Calya,Bogor,2025-02-12,healthy,,2025-09-24 13:15:00,-6.328883917,106.8342353,44.6,13.38,TRUE,TRUE
KDC-1368,VH-5368,Avanza,Jakarta,2024-03-16,healthy,,2025-09-24 11:09:00,-6.606386585,106.804287,53.9,12.24,TRUE,TRUE
KDC-1369,VH-5369,Calya,Depok,2024-10-12,healthy,,2025-09-25 3:30:00,-6.373504325,106.8225381,44.2,11.94,TRUE,TRUE
KDC-1370,VH-5370,Calya,Jakarta,2024-12-22,healthy,,2025-09-25 10:43:00,-6.114280369,106.7725102,46,12.27,TRUE,TRUE
KDC-1371,VH-5371,Calya,Jakarta,2025-03-13,healthy,,2025-09-24 21:41:00,-6.260722921,107.0014603,54.6,13.3,TRUE,TRUE
KDC-1372,VH-5372,Calya,Tangerang,2025-04-12,healthy,,2025-09-24 9:10:00,-6.098625894,106.1679823,48.3,12.89,TRUE,TRUE
KDC-1373,VH-5373,BYD M6,Bekasi,2025-05-05,healthy,,2025-09-25 4:35:00,-6.101150941,106.7897275,42.8,12.23,TRUE,TRUE
KDC-1374,VH-5374,Calya,Jakarta,2025-02-09,healthy,,2025-09-24 3:05:00,-6.206397961,106.8523671,53.8,11.29,TRUE,TRUE
KDC-1375,VH-5375,Nissan Livina,Bogor,2025-06-05,healthy,,2025-09-25 4:29:00,-6.201437946,106.8624764,35.2,12,TRUE,TRUE
KDC-1376,VH-5376,BYD M6,Jakarta,2025-01-12,healthy,,2025-09-24 6:35:00,-6.309672862,107.0029647,51.3,11.6,TRUE,TRUE
KDC-1377,VH-5377,Nissan Livina,Depok,2024-08-09,healthy,,2025-09-24 22:10:00,-6.163449586,106.6014028,41.2,12.23,TRUE,TRUE
KDC-1378,VH-5378,Innova Zenix,Depok,2025-07-29,healthy,,2025-09-24 0:40:00,-6.249914076,106.7778098,41.1,13.12,TRUE,TRUE
KDC-1379,VH-5379,Calya,Bogor,2025-02-18,healthy,,2025-09-24 1:02:00,-6.593357701,106.7924273,33.9,12.36,TRUE,TRUE
KDC-1380,VH-5380,BYD M6,Jakarta,2024-05-04,issue,overheat,2025-09-25 0:58:00,-6.295058703,107.009896,30.9,12.62,TRUE,TRUE
KDC-1381,VH-5381,Nissan Livina,Jakarta,2024-02-06,healthy,,2025-09-24 17:59:00,-6.136637369,106.1404743,51.1,12.34,TRUE,TRUE
KDC-1382,VH-5382,Calya,Jakarta,2024-01-23,healthy,,2025-09-25 6:02:00,-6.629999722,106.8035904,46.1,12.35,TRUE,TRUE
KDC-1383,VH-5383,Innova Zenix,Tangerang,2024-03-27,healthy,,2025-09-24 2:41:00,-6.231017429,106.9878717,37.3,12.92,TRUE,TRUE
KDC-1384,VH-5384,Calya,Tangerang,2024-11-13,healthy,,2025-09-24 11:05:00,-6.297547792,107.024706,48.3,12.42,TRUE,TRUE
KDC-1385,VH-5385,Calya,Bogor,2024-09-23,healthy,,2025-09-24 11:50:00,-6.247977701,106.803106,62.2,12.96,TRUE,TRUE
KDC-1386,VH-5386,BYD M6,Jakarta,2025-01-13,issue,dashcam_error,2025-09-24 23:39:00,-6.213973793,106.7963131,51.1,13.04,TRUE,TRUE
KDC-1387,VH-5387,Calya,Jakarta,2025-09-23,issue,low_voltage,2025-09-25 9:53:00,-6.117708984,106.8189333,56.9,13.14,TRUE,TRUE
KDC-1388,VH-5388,Calya,Depok,2025-01-23,healthy,,2025-09-24 11:22:00,-6.358806289,106.8477533,42.1,11.19,TRUE,TRUE
KDC-1389,VH-5389,Calya,Bekasi,2024-02-01,healthy,,2025-09-24 13:43:00,-6.122709491,106.7899692,39.3,11.86,TRUE,TRUE
KDC-1390,VH-5390,Innova Zenix,Jakarta,2024-10-18,issue,hardware_fault,2025-09-24 19:28:00,-6.254793539,106.9966501,30.4,12.81,TRUE,TRUE
KDC-1391,VH-5391,Nissan Livina,Bekasi,2024-11-03,healthy,,2025-09-25 6:01:00,-6.194795193,106.844197,49.7,12.47,TRUE,TRUE
KDC-1392,VH-5392,BYD M6,Tangerang,2024-07-07,healthy,,2025-09-24 23:28:00,-6.117930819,106.1817859,41.3,11.63,TRUE,TRUE
KDC-1393,VH-5393,Calya,Jakarta,2024-12-15,healthy,,2025-09-24 23:19:00,-6.310586338,107.012834,56.2,13.53,TRUE,TRUE
KDC-1394,VH-5394,Calya,Tangerang,2025-05-05,healthy,,2025-09-24 20:05:00,-6.193987169,106.8414758,25.7,12.91,TRUE,TRUE
KDC-1395,VH-5395,Nissan Livina,Bekasi,2025-05-01,healthy,,2025-09-24 4:13:00,-6.592688088,106.8046692,51.9,11.24,TRUE,TRUE
KDC-1396,VH-5396,Calya,Bekasi,2024-06-07,offline,low_voltage,2025-09-25 3:48:00,-6.381253717,106.8308988,50.5,12.1,TRUE,TRUE
KDC-1397,VH-5397,Calya,Jakarta,2024-10-01,healthy,,2025-09-24 15:20:00,-6.316435888,107.0052635,50.9,13.02,TRUE,TRUE
KDC-1398,VH-5398,Nissan Livina,Jakarta,2024-07-08,healthy,,2025-09-24 14:52:00,-6.252872593,106.9873516,49.1,12.48,TRUE,TRUE
KDC-1399,VH-5399,Innova Zenix,Jakarta,2025-07-22,healthy,,2025-09-24 17:24:00,-6.219589929,106.9842816,27.7,12.17,TRUE,TRUE
KDC-1400,VH-5400,Innova Zenix,Jakarta,2025-06-23,healthy,,2025-09-24 2:32:00,-6.587091187,106.7989956,41.8,12.27,TRUE,TRUE
KDC-1401,VH-5401,Calya,Jakarta,2024-07-28,healthy,,2025-09-24 22:00:00,-6.13077643,106.1448792,36.4,11.71,TRUE,TRUE
KDC-1402,VH-5402,Calya,Depok,2025-08-25,healthy,,2025-09-24 10:58:00,-6.61503297,106.814618,38,11.83,TRUE,TRUE
KDC-1403,VH-5403,Calya,Tangerang,2024-07-01,offline,overheat,2025-09-24 3:04:00,-6.165982384,106.6150998,42,12.22,TRUE,TRUE
KDC-1404,VH-5404,BYD M6,Bekasi,2025-05-03,healthy,,2025-09-24 12:20:00,-6.152184544,106.8050294,51.5,12.07,TRUE,TRUE
KDC-1405,VH-5405,Nissan Livina,Bogor,2025-08-04,healthy,,2025-09-24 17:48:00,-6.113405805,106.1191395,47.9,12.54,TRUE,TRUE
KDC-1406,VH-5406,Calya,Bogor,2025-07-25,healthy,,2025-09-24 22:28:00,-6.596087434,106.8081056,50.2,11.82,TRUE,TRUE
KDC-1407,VH-5407,Avanza,Jakarta,2024-04-28,offline,low_voltage,2025-09-24 4:18:00,-6.246248978,106.8072987,50.1,12.46,TRUE,TRUE
KDC-1408,VH-5408,Calya,Jakarta,2024-12-16,issue,overheat,2025-09-25 4:32:00,-6.264557119,107.0130764,57.9,12.59,TRUE,TRUE
KDC-1409,VH-5409,BYD M6,Bekasi,2025-07-14,issue,dashcam_error,2025-09-24 20:49:00,-6.21477985,106.9643508,41.8,12.27,TRUE,TRUE
KDC-1410,VH-5410,Calya,Depok,2024-08-27,healthy,,2025-09-24 16:12:00,-6.112056142,106.804326,42.4,12.57,TRUE,TRUE
KDC-1411,VH-5411,Innova Zenix,Jakarta,2025-07-19,healthy,,2025-09-24 11:55:00,-6.234373347,106.9966686,49,12.52,TRUE,TRUE
KDC-1412,VH-5412,BYD M6,Depok,2025-07-02,healthy,,2025-09-25 2:00:00,-6.230290887,106.8503639,45.5,12.56,TRUE,TRUE
KDC-1413,VH-5413,Calya,Bekasi,2024-05-14,healthy,,2025-09-24 6:44:00,-6.344763479,106.842425,30.1,13.27,TRUE,TRUE
KDC-1414,VH-5414,Calya,Jakarta,2025-08-16,healthy,,2025-09-24 3:31:00,-6.264855721,107.0096801,53.1,12.52,TRUE,TRUE
KDC-1415,VH-5415,Calya,Bogor,2025-01-30,healthy,,2025-09-25 4:35:00,-6.222890962,106.8391044,34.7,12.84,TRUE,TRUE
KDC-1416,VH-5416,Calya,Jakarta,2025-06-06,healthy,,2025-09-24 15:11:00,-6.204855168,106.8604153,43.3,12.35,TRUE,TRUE
KDC-1417,VH-5417,Calya,Jakarta,2024-06-30,healthy,,2025-09-24 9:54:00,-6.220159783,106.82679,39.2,12.55,TRUE,TRUE
KDC-1418,VH-5418,Calya,Bekasi,2024-01-24,offline,camera_outward_no_signal,2025-09-25 4:09:00,-6.588732466,106.7750408,50.3,12.35,TRUE,FALSE
KDC-1419,VH-5419,Calya,Bekasi,2024-01-23,healthy,,2025-09-24 10:15:00,-6.222231513,106.7727165,44.5,11.83,TRUE,TRUE
KDC-1420,VH-5420,Innova Zenix,Jakarta,2025-07-22,healthy,,2025-09-24 23:23:00,-6.089450317,106.7655771,47.1,12.59,TRUE,TRUE
KDC-1421,VH-5421,BYD M6,Bogor,2024-11-10,issue,camera_outward_no_signal,2025-09-25 4:22:00,-6.214270841,106.8515356,46.1,12.41,TRUE,FALSE
KDC-1422,VH-5422,Calya,Jakarta,2025-01-01,healthy,,2025-09-24 14:29:00,-6.244793058,106.8039878,51.1,11.49,TRUE,TRUE
KDC-1423,VH-5423,Calya,Jakarta,2024-10-17,healthy,,2025-09-24 8:29:00,-6.303929537,106.9956021,43.8,14.17,TRUE,TRUE
KDC-1424,VH-5424,Avanza,Bogor,2025-08-17,healthy,,2025-09-25 5:29:00,-6.177003356,106.8481946,35.9,12.44,TRUE,TRUE
KDC-1425,VH-5425,Nissan Livina,Depok,2024-11-11,healthy,,2025-09-24 19:17:00,-6.390704133,106.8748189,53.1,13,TRUE,TRUE
KDC-1426,VH-5426,Calya,Jakarta,2024-12-14,healthy,,2025-09-24 15:24:00,-6.601895356,106.8145711,52,11.71,TRUE,TRUE
KDC-1427,VH-5427,BYD M6,Bekasi,2024-10-13,healthy,,2025-09-25 11:43:00,-6.185551434,106.8101368,34.7,12.96,TRUE,TRUE
KDC-1428,VH-5428,Innova Zenix,Depok,2025-07-10,healthy,,2025-09-24 1:45:00,-6.216078537,106.6236185,53.6,12.92,TRUE,TRUE
KDC-1429,VH-5429,Calya,Depok,2025-06-07,healthy,,2025-09-24 15:17:00,-6.609554353,106.7827802,49.7,14.02,TRUE,TRUE
KDC-1430,VH-5430,Avanza,Tangerang,2024-10-04,healthy,,2025-09-24 2:22:00,-6.253218986,107.0023216,42.8,12.75,TRUE,TRUE
KDC-1431,VH-5431,Innova Zenix,Jakarta,2025-09-12,healthy,,2025-09-24 14:31:00,-6.103757365,106.7854122,44.7,11.68,TRUE,TRUE
KDC-1432,VH-5432,Calya,Jakarta,2024-08-25,healthy,,2025-09-25 0:55:00,-6.331712962,106.7999967,55.7,12.18,TRUE,TRUE
KDC-1433,VH-5433,Calya,Jakarta,2025-05-17,healthy,,2025-09-24 23:12:00,-6.083175237,106.7632022,60.8,12.3,TRUE,TRUE
KDC-1434,VH-5434,Innova Zenix,Tangerang,2024-02-17,healthy,,2025-09-24 19:28:00,-6.218677106,106.7986003,46.3,12.54,TRUE,TRUE
KDC-1435,VH-5435,BYD M6,Bogor,2025-04-08,healthy,,2025-09-24 14:30:00,-6.26751863,106.7802289,42.9,12.97,TRUE,TRUE
KDC-1436,VH-5436,Calya,Bekasi,2024-04-17,healthy,,2025-09-24 2:45:00,-6.105416928,106.1682779,33.6,13.78,TRUE,TRUE
KDC-1437,VH-5437,Nissan Livina,Jakarta,2024-04-15,healthy,,2025-09-25 11:10:00,-6.283372544,107.0276331,46.7,11.8,TRUE,TRUE
KDC-1438,VH-5438,Calya,Jakarta,2024-08-26,healthy,,2025-09-24 17:22:00,-6.218785078,106.8385476,61.6,13.75,TRUE,TRUE
KDC-1439,VH-5439,Nissan Livina,Jakarta,2024-10-14,healthy,,2025-09-24 16:19:00,-6.229346544,106.8094637,54.4,12.42,TRUE,TRUE
KDC-1440,VH-5440,Calya,Jakarta,2025-07-30,issue,camera_inward_no_signal,2025-09-25 2:08:00,-6.608872422,106.7910192,48.3,12.29,FALSE,TRUE
KDC-1441,VH-5441,Calya,Bekasi,2025-05-15,healthy,,2025-09-24 19:56:00,-6.204627881,106.80161,39.3,13.33,TRUE,TRUE
KDC-1442,VH-5442,Nissan Livina,Jakarta,2024-11-12,offline,dashcam_error,2025-09-24 16:34:00,-6.33324161,106.7838909,35.7,12.33,TRUE,TRUE
KDC-1443,VH-5443,Innova Zenix,Depok,2025-06-22,healthy,,2025-09-24 5:30:00,-6.166229116,106.6495887,52.4,11.72,TRUE,TRUE
KDC-1444,VH-5444,BYD M6,Jakarta,2024-11-27,healthy,,2025-09-24 21:13:00,-6.165848497,106.6257555,44.1,11.69,TRUE,TRUE
KDC-1445,VH-5445,Calya,Jakarta,2024-04-05,issue,dashcam_error,2025-09-24 0:03:00,-6.133985175,106.7585371,41,12.26,TRUE,TRUE
KDC-1446,VH-5446,BYD M6,Tangerang,2024-03-20,healthy,,2025-09-25 1:47:00,-6.232034779,106.7919222,57.9,13.14,TRUE,TRUE
KDC-1447,VH-5447,Calya,Bekasi,2025-08-27,healthy,,2025-09-24 20:20:00,-6.104694192,106.7748689,49.8,12.9,TRUE,TRUE
KDC-1448,VH-5448,Avanza,Jakarta,2024-09-22,healthy,,2025-09-24 10:47:00,-6.335759448,106.9896006,59.6,12.3,TRUE,TRUE
KDC-1449,VH-5449,Calya,Bogor,2024-05-01,offline,camera_inward_no_signal,2025-09-24 17:31:00,-6.226800859,106.8475077,56.5,13.28,FALSE,TRUE
KDC-1450,VH-5450,Nissan Livina,Tangerang,2024-09-13,healthy,,2025-09-25 9:53:00,-6.309252696,106.9554392,45.5,13.69,TRUE,TRUE
KDC-1451,VH-5451,Calya,Jakarta,2025-07-11,healthy,,2025-09-24 16:36:00,-6.256528112,106.8449408,49.8,12.29,TRUE,TRUE
KDC-1452,VH-5452,BYD M6,Bogor,2025-03-20,healthy,,2025-09-24 4:57:00,-6.309458303,107.0211154,51.2,12.99,TRUE,TRUE
KDC-1453,VH-5453,Calya,Jakarta,2024-10-04,issue,camera_inward_no_signal,2025-09-25 7:32:00,-6.2637754,106.8507045,45.4,12.44,FALSE,TRUE
KDC-1454,VH-5454,Nissan Livina,Bogor,2025-06-17,healthy,,2025-09-24 5:23:00,-6.39854866,106.8448757,34.7,12.83,TRUE,TRUE
KDC-1455,VH-5455,Calya,Bekasi,2024-03-08,healthy,,2025-09-24 8:23:00,-6.119065054,106.7878622,41.4,12.95,TRUE,TRUE
KDC-1456,VH-5456,BYD M6,Depok,2025-06-12,healthy,,2025-09-25 2:55:00,-6.098440904,106.1501147,36.4,11.32,TRUE,TRUE
KDC-1457,VH-5457,Innova Zenix,Jakarta,2024-12-31,healthy,,2025-09-24 23:49:00,-6.358744317,106.8257778,45.9,12.76,TRUE,TRUE
KDC-1458,VH-5458,Innova Zenix,Tangerang,2024-09-06,healthy,,2025-09-24 17:08:00,-6.237078648,107.0083671,56.6,13.41,TRUE,TRUE
KDC-1459,VH-5459,Calya,Jakarta,2024-02-07,healthy,,2025-09-24 17:39:00,-6.170876678,106.8482728,47.6,12.37,TRUE,TRUE
KDC-1460,VH-5460,Calya,Jakarta,2024-02-11,healthy,,2025-09-25 5:14:00,-6.180826166,106.6374785,41.3,12.6,TRUE,TRUE
KDC-1461,VH-5461,BYD M6,Depok,2024-08-15,healthy,,2025-09-24 7:08:00,-6.223998288,106.8461551,44.9,12.63,TRUE,TRUE
KDC-1462,VH-5462,Calya,Jakarta,2025-07-12,issue,camera_outward_no_signal,2025-09-24 19:21:00,-6.231423455,106.8504778,38,12.66,TRUE,FALSE
KDC-1463,VH-5463,Calya,Depok,2024-09-20,healthy,,2025-09-24 13:26:00,-6.356335251,106.8357935,43.6,11.85,TRUE,TRUE
KDC-1464,VH-5464,Calya,Depok,2025-06-26,healthy,,2025-09-24 23:15:00,-6.616350343,106.7840172,40.6,12.03,TRUE,TRUE
KDC-1465,VH-5465,Calya,Tangerang,2024-06-14,healthy,,2025-09-24 23:08:00,-6.195043004,106.7753352,46.9,13.12,TRUE,TRUE
KDC-1466,VH-5466,BYD M6,Bogor,2024-04-02,healthy,,2025-09-24 15:23:00,-6.120657986,106.1359363,40.6,12.74,TRUE,TRUE
KDC-1467,VH-5467,Calya,Bogor,2024-10-29,healthy,,2025-09-25 7:21:00,-6.188123808,106.8526416,40.7,13.52,TRUE,TRUE
KDC-1468,VH-5468,Calya,Bogor,2024-10-30,healthy,,2025-09-24 8:57:00,-6.212672206,106.7899849,32.4,13.05,TRUE,TRUE
KDC-1469,VH-5469,Calya,Jakarta,2025-06-20,healthy,,2025-09-24 19:11:00,-6.287485984,106.9984326,42,12.35,TRUE,TRUE
KDC-1470,VH-5470,BYD M6,Jakarta,2025-04-29,healthy,,2025-09-24 18:50:00,-6.281556534,106.9828659,53.2,12.17,TRUE,TRUE
KDC-1471,VH-5471,Nissan Livina,Jakarta,2024-06-16,healthy,,2025-09-24 1:58:00,-6.190745738,106.830586,29,12.62,TRUE,TRUE
KDC-1472,VH-5472,Calya,Jakarta,2024-04-18,healthy,,2025-09-24 9:47:00,-6.187419619,106.6507771,31.7,13,TRUE,TRUE
KDC-1473,VH-5473,Nissan Livina,Bekasi,2024-11-10,healthy,,2025-09-25 6:54:00,-6.297734715,106.9974747,43.2,11.83,TRUE,TRUE
KDC-1474,VH-5474,BYD M6,Jakarta,2024-04-24,healthy,,2025-09-24 0:49:00,-6.146348203,106.1781909,45.5,12.19,TRUE,TRUE
KDC-1475,VH-5475,Calya,Jakarta,2024-05-09,healthy,,2025-09-25 7:14:00,-6.251162634,107.0152089,32,12.11,TRUE,TRUE
KDC-1476,VH-5476,Avanza,Tangerang,2024-11-19,healthy,,2025-09-25 5:52:00,-6.218496707,106.8210491,48.2,11.41,TRUE,TRUE
KDC-1477,VH-5477,BYD M6,Bogor,2024-06-06,healthy,,2025-09-24 0:02:00,-6.55952961,106.7834429,50.7,11.15,TRUE,TRUE
KDC-1478,VH-5478,Calya,Tangerang,2025-04-16,healthy,,2025-09-25 7:53:00,-6.365038074,106.8659512,55.2,12.92,TRUE,TRUE
KDC-1479,VH-5479,Calya,Bogor,2024-10-24,healthy,,2025-09-24 17:07:00,-6.222691307,106.8243958,38.1,13.25,TRUE,TRUE
KDC-1480,VH-5480,Innova Zenix,Jakarta,2024-07-11,offline,dashcam_error,2025-09-24 13:08:00,-6.195703973,106.8180671,39.7,12.49,TRUE,TRUE
KDC-1481,VH-5481,Calya,Jakarta,2025-04-02,healthy,,2025-09-24 12:14:00,-6.241575666,106.8036843,35,12.18,TRUE,TRUE
KDC-1482,VH-5482,Calya,Jakarta,2024-12-04,healthy,,2025-09-24 4:20:00,-6.164394589,106.6484233,33.6,13.48,TRUE,TRUE
KDC-1483,VH-5483,BYD M6,Bogor,2025-05-11,healthy,,2025-09-25 4:04:00,-6.311584812,106.8189344,30.4,12.73,TRUE,TRUE
KDC-1484,VH-5484,BYD M6,Jakarta,2025-04-09,healthy,,2025-09-24 8:30:00,-6.172368363,106.8094496,46.7,13.44,TRUE,TRUE
KDC-1485,VH-5485,Calya,Bogor,2024-02-27,healthy,,2025-09-24 1:43:00,-6.127656207,106.1341106,36.9,14,TRUE,TRUE
KDC-1486,VH-5486,Innova Zenix,Jakarta,2025-04-17,healthy,,2025-09-24 3:19:00,-6.26723319,107.0292307,40.8,12.79,TRUE,TRUE
KDC-1487,VH-5487,Nissan Livina,Tangerang,2025-06-04,offline,overheat,2025-09-25 8:32:00,-6.101067092,106.7464415,44.7,14.1,TRUE,TRUE
KDC-1488,VH-5488,Nissan Livina,Depok,2024-05-04,healthy,,2025-09-24 1:35:00,-6.351282122,106.8261386,43.6,12.98,TRUE,TRUE
KDC-1489,VH-5489,Nissan Livina,Bekasi,2025-05-30,healthy,,2025-09-24 11:05:00,-6.088420177,106.1690477,35.3,13.1,TRUE,TRUE
KDC-1490,VH-5490,Nissan Livina,Bekasi,2025-09-21,healthy,,2025-09-25 8:38:00,-6.358991564,106.8186114,59.4,12.51,TRUE,TRUE
KDC-1491,VH-5491,Innova Zenix,Depok,2025-04-03,healthy,,2025-09-25 6:19:00,-6.360924326,106.8514305,38,11.21,TRUE,TRUE
KDC-1492,VH-5492,BYD M6,Jakarta,2025-06-14,issue,overheat,2025-09-24 16:58:00,-6.197036183,106.864916,45.8,13.43,TRUE,TRUE
KDC-1493,VH-5493,BYD M6,Jakarta,2025-08-21,healthy,,2025-09-24 15:12:00,-6.552608592,106.8185632,42.4,12.66,TRUE,TRUE
KDC-1494,VH-5494,Calya,Depok,2025-07-01,offline,camera_inward_no_signal,2025-09-24 4:07:00,-6.345471826,106.855432,45,12.41,FALSE,TRUE
KDC-1495,VH-5495,Calya,Jakarta,2025-08-01,healthy,,2025-09-24 10:37:00,-6.28738466,107.0040235,50.8,11.49,TRUE,TRUE
KDC-1496,VH-5496,BYD M6,Jakarta,2025-02-19,healthy,,2025-09-24 17:42:00,-6.220620662,106.7704551,25,11.55,TRUE,TRUE
KDC-1497,VH-5497,Calya,Jakarta,2024-03-16,healthy,,2025-09-25 7:10:00,-6.31082368,106.8368441,36.1,11.48,TRUE,TRUE
KDC-1498,VH-5498,Calya,Tangerang,2024-10-22,healthy,,2025-09-25 3:37:00,-6.22406484,106.8349402,48,13.3,TRUE,TRUE
KDC-1499,VH-5499,Nissan Livina,Jakarta,2025-04-22,healthy,,2025-09-25 8:08:00,-6.25612095,106.9826036,29.3,12.87,TRUE,TRUE
KDC-1500,VH-5500,Innova Zenix,Bekasi,2025-04-08,healthy,,2025-09-24 15:24:00,-6.228858229,106.8580826,48.4,12.87,TRUE,TRUE
KDC-1501,VH-5501,Avanza,Tangerang,2025-04-18,healthy,,2025-09-24 22:40:00,-6.320774814,106.8331835,35.3,13.21,TRUE,TRUE
KDC-1502,VH-5502,Calya,Jakarta,2024-07-28,healthy,,2025-09-24 18:45:00,-6.302796235,107.0044062,51.7,12.69,TRUE,TRUE
KDC-1503,VH-5503,Calya,Jakarta,2025-08-05,healthy,,2025-09-24 21:47:00,-6.270914869,106.9799632,27.5,12.37,TRUE,TRUE
KDC-1504,VH-5504,Innova Zenix,Bogor,2024-01-13,issue,hardware_fault,2025-09-24 14:55:00,-6.328481108,106.8448226,52.1,12.78,TRUE,TRUE
KDC-1505,VH-5505,Calya,Jakarta,2024-12-20,healthy,,2025-09-24 22:53:00,-6.257131118,106.7986309,54.8,11.59,TRUE,TRUE
KDC-1506,VH-5506,Calya,Bekasi,2025-09-03,healthy,,2025-09-24 22:22:00,-6.21560248,106.8502299,46.6,11.91,TRUE,TRUE
KDC-1507,VH-5507,Calya,Jakarta,2024-06-03,offline,hardware_fault,2025-09-24 1:48:00,-6.103054253,106.1335278,45.8,11.77,TRUE,TRUE
KDC-1508,VH-5508,BYD M6,Tangerang,2024-04-17,healthy,,2025-09-24 4:34:00,-6.112895505,106.1643142,38.4,12.63,TRUE,TRUE
KDC-1509,VH-5509,Calya,Jakarta,2025-07-15,healthy,,2025-09-24 1:45:00,-6.596913633,106.8077378,45.2,11.16,TRUE,TRUE
KDC-1510,VH-5510,BYD M6,Bogor,2025-07-14,issue,dashcam_error,2025-09-24 14:17:00,-6.577415124,106.8108995,40.8,12.58,TRUE,TRUE
KDC-1511,VH-5511,Calya,Jakarta,2024-08-30,issue,camera_outward_no_signal,2025-09-24 2:31:00,-6.075886807,106.1686509,37.7,11.97,TRUE,FALSE
KDC-1512,VH-5512,Calya,Depok,2024-04-13,healthy,,2025-09-24 2:25:00,-6.23405875,106.8780548,34.8,12.48,TRUE,TRUE
KDC-1513,VH-5513,Calya,Bekasi,2025-08-19,healthy,,2025-09-24 21:09:00,-6.57949965,106.8034934,48.2,11.37,TRUE,TRUE
KDC-1514,VH-5514,Avanza,Depok,2024-05-18,healthy,,2025-09-25 10:19:00,-6.240884484,106.8766837,42,13.29,TRUE,TRUE
KDC-1515,VH-5515,BYD M6,Depok,2024-04-17,healthy,,2025-09-25 3:25:00,-6.188646293,106.8430285,43.6,12.62,TRUE,TRUE
KDC-1516,VH-5516,Calya,Jakarta,2024-12-09,healthy,,2025-09-24 13:33:00,-6.17373965,106.8516901,46.6,10.75,TRUE,TRUE
KDC-1517,VH-5517,Calya,Jakarta,2025-05-07,healthy,,2025-09-24 14:00:00,-6.214818597,106.8199694,48.5,11.73,TRUE,TRUE
KDC-1518,VH-5518,Calya,Jakarta,2024-12-28,healthy,,2025-09-24 20:34:00,-6.249249766,106.9922074,28.8,12.81,TRUE,TRUE
KDC-1519,VH-5519,Calya,Jakarta,2024-10-22,offline,low_voltage,2025-09-24 9:20:00,-6.631215183,106.8430431,44.7,12.42,TRUE,TRUE